"image_name","label"
"train24190.png",0
"train24238.png",0
"train3322.png",0
"train2038.png",0
"train3784.png",0
"train14951.png",0
"train5930.png",0
"train8784.png",0
"train20951.png",0
"train3058.png",0
"train28283.png",0
"train15960.png",0
"train12315.png",0
"train13482.png",0
"train17055.png",0
"train3213.png",0
"train7950.png",0
"train24294.png",0
"train12851.png",0
"train15821.png",0
"train24848.png",0
"train1788.png",0
"train21777.png",0
"train17640.png",0
"train27612.png",0
"train19197.png",0
"train12508.png",0
"train13260.png",0
"train12118.png",0
"train19466.png",0
"train22444.png",0
"train3343.png",0
"train25236.png",0
"train10597.png",0
"train4650.png",0
"train16921.png",0
"train11083.png",0
"train21432.png",0
"train14111.png",0
"train8012.png",0
"train23113.png",0
"train27375.png",0
"train27021.png",0
"train27218.png",0
"train24748.png",0
"train21509.png",0
"train11230.png",0
"train17166.png",0
"train48.png",0
"train17913.png",0
"train9770.png",0
"train9624.png",0
"train20703.png",0
"train14316.png",0
"train24231.png",0
"train8777.png",0
"train14786.png",0
"train11354.png",0
"train13305.png",0
"train29386.png",0
"train13551.png",0
"train27757.png",0
"train15621.png",0
"train23844.png",0
"train7909.png",0
"train820.png",0
"train8497.png",0
"train28641.png",0
"train9391.png",0
"train12849.png",0
"train25466.png",0
"train4621.png",0
"train17944.png",0
"train12473.png",0
"train3603.png",0
"train7224.png",0
"train12910.png",0
"train27720.png",0
"train26371.png",0
"train17890.png",0
"train13383.png",0
"train7696.png",0
"train12447.png",0
"train15775.png",0
"train10393.png",0
"train14651.png",0
"train20012.png",0
"train1544.png",0
"train13754.png",0
"train27854.png",0
"train24105.png",0
"train27173.png",0
"train749.png",0
"train15365.png",0
"train29333.png",0
"train19128.png",0
"train20200.png",0
"train6238.png",0
"train20926.png",0
"train19285.png",0
"train29678.png",0
"train20979.png",0
"train9621.png",0
"train5877.png",0
"train17672.png",0
"train17759.png",0
"train172.png",0
"train13075.png",0
"train2444.png",0
"train20317.png",0
"train17984.png",0
"train22426.png",0
"train11290.png",0
"train15364.png",0
"train20987.png",0
"train14332.png",0
"train10291.png",0
"train2152.png",0
"train6927.png",0
"train29121.png",0
"train27222.png",0
"train17039.png",0
"train22377.png",0
"train7966.png",0
"train22378.png",0
"train5181.png",0
"train23085.png",0
"train27830.png",0
"train10456.png",0
"train13713.png",0
"train13254.png",0
"train5947.png",0
"train20167.png",0
"train8634.png",0
"train1088.png",0
"train24234.png",0
"train14494.png",0
"train14597.png",0
"train21410.png",0
"train17629.png",0
"train14741.png",0
"train3484.png",0
"train16500.png",0
"train27795.png",0
"train23859.png",0
"train18665.png",0
"train15535.png",0
"train3926.png",0
"train4583.png",0
"train16327.png",0
"train10321.png",0
"train3059.png",0
"train4449.png",0
"train21986.png",0
"train16293.png",0
"train28576.png",0
"train13291.png",0
"train25654.png",0
"train3409.png",0
"train13918.png",0
"train14566.png",0
"train11558.png",0
"train27184.png",0
"train18247.png",0
"train18413.png",0
"train21688.png",0
"train18034.png",0
"train7869.png",0
"train22552.png",0
"train2261.png",0
"train24040.png",0
"train14317.png",0
"train14729.png",0
"train1203.png",0
"train6222.png",0
"train28888.png",0
"train29662.png",0
"train1467.png",0
"train207.png",0
"train455.png",0
"train5886.png",0
"train14048.png",0
"train22798.png",0
"train19844.png",0
"train6062.png",0
"train12987.png",0
"train21786.png",0
"train11918.png",0
"train18280.png",0
"train4414.png",0
"train5211.png",0
"train18341.png",0
"train4155.png",0
"train14466.png",0
"train25067.png",0
"train8565.png",0
"train5875.png",0
"train21494.png",0
"train27507.png",0
"train8865.png",0
"train8393.png",0
"train25224.png",0
"train23993.png",0
"train667.png",0
"train23623.png",0
"train18839.png",0
"train11302.png",0
"train13543.png",0
"train586.png",0
"train17401.png",0
"train4203.png",0
"train25603.png",0
"train28839.png",0
"train20069.png",0
"train24896.png",0
"train12845.png",0
"train16722.png",0
"train8893.png",0
"train2447.png",0
"train2527.png",0
"train29027.png",0
"train10199.png",0
"train29850.png",0
"train20072.png",0
"train28724.png",0
"train27351.png",0
"train16269.png",0
"train12413.png",0
"train12598.png",0
"train10408.png",0
"train1896.png",0
"train18286.png",0
"train18796.png",0
"train10718.png",0
"train11876.png",0
"train1095.png",0
"train13967.png",0
"train29948.png",0
"train14364.png",0
"train27961.png",0
"train28803.png",0
"train12586.png",0
"train15961.png",0
"train26509.png",0
"train23952.png",0
"train15998.png",0
"train1293.png",0
"train29338.png",0
"train2449.png",0
"train23126.png",0
"train17077.png",0
"train26849.png",0
"train7180.png",0
"train21984.png",0
"train22721.png",0
"train2755.png",0
"train15461.png",0
"train23839.png",0
"train8022.png",0
"train17188.png",0
"train24929.png",0
"train18348.png",0
"train24066.png",0
"train9088.png",0
"train20237.png",0
"train22813.png",0
"train8597.png",0
"train10283.png",0
"train11912.png",0
"train6207.png",0
"train16919.png",0
"train6983.png",0
"train29088.png",0
"train15164.png",0
"train27529.png",0
"train28545.png",0
"train17547.png",0
"train23413.png",0
"train15908.png",0
"train27849.png",0
"train2031.png",0
"train3469.png",0
"train12624.png",0
"train8147.png",0
"train27863.png",0
"train10972.png",0
"train25609.png",0
"train13795.png",0
"train5118.png",0
"train28398.png",0
"train19799.png",0
"train9759.png",0
"train9341.png",0
"train8438.png",0
"train13842.png",0
"train23890.png",0
"train7079.png",0
"train19208.png",0
"train14140.png",0
"train17058.png",0
"train21950.png",0
"train29881.png",0
"train14673.png",0
"train1735.png",0
"train20343.png",0
"train4429.png",0
"train19975.png",0
"train27181.png",0
"train21050.png",0
"train13430.png",0
"train10834.png",0
"train14124.png",0
"train7182.png",0
"train22832.png",0
"train18927.png",0
"train15854.png",0
"train23881.png",0
"train27073.png",0
"train7932.png",0
"train27869.png",0
"train21601.png",0
"train13923.png",0
"train11058.png",0
"train38.png",0
"train17696.png",0
"train16794.png",0
"train29588.png",0
"train27325.png",0
"train26396.png",0
"train15624.png",0
"train10042.png",0
"train11096.png",0
"train14994.png",0
"train28747.png",0
"train5759.png",0
"train16549.png",0
"train7347.png",0
"train21419.png",0
"train3631.png",0
"train15531.png",0
"train24148.png",0
"train24159.png",0
"train6792.png",0
"train14980.png",0
"train2618.png",0
"train287.png",0
"train29233.png",0
"train6985.png",0
"train19919.png",0
"train14569.png",0
"train22790.png",0
"train5002.png",0
"train27406.png",0
"train25460.png",0
"train27200.png",0
"train2717.png",0
"train1382.png",0
"train15046.png",0
"train1859.png",0
"train25608.png",0
"train15616.png",0
"train27498.png",0
"train2889.png",0
"train20195.png",0
"train28374.png",0
"train2571.png",0
"train23123.png",0
"train25446.png",0
"train7754.png",0
"train28588.png",0
"train23467.png",0
"train29521.png",0
"train6907.png",0
"train25553.png",0
"train28260.png",0
"train16798.png",0
"train5686.png",0
"train2144.png",0
"train7348.png",0
"train14154.png",0
"train2156.png",0
"train699.png",0
"train1185.png",0
"train3487.png",0
"train22727.png",0
"train16516.png",0
"train13095.png",0
"train13355.png",0
"train27213.png",0
"train3429.png",0
"train3956.png",0
"train7381.png",0
"train17088.png",0
"train1338.png",0
"train5431.png",0
"train27249.png",0
"train13169.png",0
"train23812.png",0
"train14220.png",0
"train6999.png",0
"train1939.png",0
"train4625.png",0
"train10472.png",0
"train7457.png",0
"train596.png",0
"train28968.png",0
"train2320.png",0
"train20025.png",0
"train15542.png",0
"train18337.png",0
"train27632.png",0
"train14716.png",0
"train25479.png",0
"train12782.png",0
"train27914.png",0
"train28503.png",0
"train11267.png",0
"train8176.png",0
"train1600.png",0
"train7085.png",0
"train23813.png",0
"train21534.png",0
"train3219.png",0
"train23330.png",0
"train3061.png",0
"train23058.png",0
"train25809.png",0
"train21837.png",0
"train18882.png",0
"train8925.png",0
"train17904.png",0
"train21349.png",0
"train27664.png",0
"train7927.png",0
"train25219.png",0
"train7643.png",0
"train10937.png",0
"train20921.png",0
"train7216.png",0
"train25407.png",0
"train9927.png",0
"train21408.png",0
"train5461.png",0
"train29555.png",0
"train4308.png",0
"train213.png",0
"train26116.png",0
"train10215.png",0
"train17360.png",0
"train19849.png",0
"train6114.png",0
"train13578.png",0
"train12847.png",0
"train14685.png",0
"train1470.png",0
"train1555.png",0
"train7297.png",0
"train29568.png",0
"train7369.png",0
"train26138.png",0
"train16575.png",0
"train19618.png",0
"train17509.png",0
"train28518.png",0
"train3726.png",0
"train1622.png",0
"train14497.png",0
"train21466.png",0
"train2908.png",0
"train11723.png",0
"train2893.png",0
"train12273.png",0
"train23937.png",0
"train7020.png",0
"train14106.png",0
"train8151.png",0
"train21932.png",0
"train1690.png",0
"train28759.png",0
"train11451.png",0
"train3382.png",0
"train15502.png",0
"train11359.png",0
"train1524.png",0
"train13739.png",0
"train18829.png",0
"train490.png",0
"train269.png",0
"train9310.png",0
"train17751.png",0
"train20578.png",0
"train9309.png",0
"train21622.png",0
"train9771.png",0
"train24574.png",0
"train1671.png",0
"train12871.png",0
"train14600.png",0
"train27454.png",0
"train25759.png",0
"train20725.png",1
"train967.png",1
"train6751.png",1
"train12990.png",1
"train26588.png",1
"train20564.png",1
"train8124.png",1
"train12027.png",1
"train20146.png",1
"train20358.png",1
"train20958.png",1
"train8084.png",1
"train9353.png",1
"train20613.png",1
"train18779.png",1
"train4976.png",1
"train9892.png",1
"train23198.png",1
"train5018.png",1
"train22189.png",1
"train20282.png",1
"train6329.png",1
"train6464.png",1
"train9990.png",1
"train18834.png",1
"train8238.png",1
"train10886.png",1
"train19390.png",1
"train16490.png",1
"train18787.png",1
"train2169.png",1
"train684.png",1
"train24447.png",1
"train8960.png",1
"train4717.png",1
"train18913.png",1
"train4190.png",1
"train20292.png",1
"train5339.png",1
"train8457.png",1
"train19248.png",1
"train25258.png",1
"train23165.png",1
"train6295.png",1
"train9069.png",1
"train10783.png",1
"train18925.png",1
"train11340.png",1
"train26351.png",1
"train16714.png",1
"train8990.png",1
"train28375.png",1
"train8665.png",1
"train4285.png",1
"train26455.png",1
"train12218.png",1
"train4932.png",1
"train26282.png",1
"train27132.png",1
"train11408.png",1
"train12999.png",1
"train20370.png",1
"train4278.png",1
"train7415.png",1
"train5072.png",1
"train11951.png",1
"train932.png",1
"train25887.png",1
"train19242.png",1
"train19438.png",1
"train19195.png",1
"train29775.png",1
"train22229.png",1
"train22326.png",1
"train18155.png",1
"train25856.png",1
"train2721.png",1
"train6564.png",1
"train25641.png",1
"train26467.png",1
"train11051.png",1
"train20677.png",1
"train23203.png",1
"train8951.png",1
"train10399.png",1
"train26579.png",1
"train25519.png",1
"train14185.png",1
"train4929.png",1
"train29981.png",1
"train4281.png",1
"train3254.png",1
"train22333.png",1
"train26923.png",1
"train25912.png",1
"train2772.png",1
"train19165.png",1
"train21801.png",1
"train22093.png",1
"train5045.png",1
"train13012.png",1
"train11319.png",1
"train6637.png",1
"train26281.png",1
"train6472.png",1
"train8962.png",1
"train4036.png",1
"train12485.png",1
"train5363.png",1
"train11923.png",1
"train4875.png",1
"train8009.png",1
"train12702.png",1
"train4950.png",1
"train19987.png",1
"train5534.png",1
"train3831.png",1
"train12110.png",1
"train14263.png",1
"train6787.png",1
"train19851.png",1
"train12083.png",1
"train12368.png",1
"train4451.png",1
"train26630.png",1
"train19622.png",1
"train3812.png",1
"train11864.png",1
"train12166.png",1
"train19216.png",1
"train4280.png",1
"train6406.png",1
"train3663.png",1
"train16468.png",1
"train12399.png",1
"train12724.png",1
"train11404.png",1
"train27039.png",1
"train24831.png",1
"train11560.png",1
"train4815.png",1
"train29810.png",1
"train8225.png",1
"train20427.png",1
"train20577.png",1
"train2621.png",1
"train17355.png",1
"train29806.png",1
"train19449.png",1
"train25016.png",1
"train26016.png",1
"train8823.png",1
"train4264.png",1
"train20301.png",1
"train18873.png",1
"train11200.png",1
"train20796.png",1
"train19009.png",1
"train26640.png",1
"train18488.png",1
"train4893.png",1
"train9467.png",1
"train4864.png",1
"train23221.png",1
"train6455.png",1
"train26508.png",1
"train24669.png",1
"train9182.png",1
"train7611.png",1
"train6795.png",1
"train26848.png",1
"train5068.png",1
"train11396.png",1
"train26227.png",1
"train9910.png",1
"train8642.png",1
"train26076.png",1
"train10776.png",1
"train18374.png",1
"train19092.png",1
"train8728.png",1
"train24469.png",1
"train11713.png",1
"train25543.png",1
"train6441.png",1
"train19188.png",1
"train9469.png",1
"train16512.png",1
"train4073.png",1
"train21982.png",1
"train5268.png",1
"train9032.png",1
"train20291.png",1
"train12593.png",1
"train4878.png",1
"train27996.png",1
"train8911.png",1
"train12108.png",1
"train20337.png",1
"train6353.png",1
"train9021.png",1
"train6092.png",1
"train20815.png",1
"train3842.png",1
"train26943.png",1
"train11720.png",1
"train24687.png",1
"train25305.png",1
"train11937.png",1
"train1360.png",1
"train7954.png",1
"train4007.png",1
"train4936.png",1
"train8208.png",1
"train19698.png",1
"train18856.png",1
"train25426.png",1
"train26696.png",1
"train20685.png",1
"train7387.png",1
"train19608.png",1
"train23258.png",1
"train5591.png",1
"train5510.png",1
"train25036.png",1
"train6789.png",1
"train26306.png",1
"train9490.png",1
"train28071.png",1
"train26620.png",1
"train27141.png",1
"train29175.png",1
"train12026.png",1
"train19621.png",1
"train19612.png",1
"train25378.png",1
"train25996.png",1
"train19081.png",1
"train28610.png",1
"train6332.png",1
"train28365.png",1
"train19025.png",1
"train5499.png",1
"train26268.png",1
"train8428.png",1
"train25246.png",1
"train11429.png",1
"train25149.png",1
"train6380.png",1
"train19187.png",1
"train20102.png",1
"train23698.png",1
"train23322.png",1
"train6298.png",1
"train18535.png",1
"train11518.png",1
"train20744.png",1
"train3424.png",1
"train12443.png",1
"train7098.png",1
"train19014.png",1
"train17254.png",1
"train20762.png",1
"train24751.png",1
"train26365.png",1
"train24589.png",1
"train6508.png",1
"train29827.png",1
"train5472.png",1
"train4959.png",1
"train24872.png",1
"train22574.png",1
"train5573.png",1
"train10413.png",1
"train18544.png",1
"train7703.png",1
"train9319.png",1
"train10174.png",1
"train25977.png",1
"train27052.png",1
"train12503.png",1
"train18658.png",1
"train22863.png",1
"train25699.png",1
"train16626.png",1
"train4771.png",1
"train26721.png",1
"train19269.png",1
"train10202.png",1
"train26705.png",1
"train2168.png",1
"train14485.png",1
"train5296.png",1
"train2653.png",1
"train6518.png",1
"train8558.png",1
"train11939.png",1
"train5672.png",1
"train12213.png",1
"train20314.png",1
"train10220.png",1
"train4297.png",1
"train6563.png",1
"train8444.png",1
"train18725.png",1
"train18654.png",1
"train23215.png",1
"train2771.png",1
"train3990.png",1
"train10232.png",1
"train22068.png",1
"train28850.png",1
"train26115.png",1
"train8458.png",1
"train26687.png",1
"train19355.png",1
"train22215.png",1
"train9585.png",1
"train20716.png",1
"train22349.png",1
"train5468.png",1
"train12915.png",1
"train12197.png",1
"train19365.png",1
"train5186.png",1
"train27998.png",1
"train22625.png",1
"train19872.png",1
"train26280.png",1
"train19419.png",1
"train4977.png",1
"train18837.png",1
"train18636.png",1
"train20027.png",1
"train19544.png",1
"train29023.png",1
"train20318.png",1
"train23006.png",1
"train19862.png",1
"train26504.png",1
"train1636.png",1
"train3794.png",1
"train10136.png",1
"train8872.png",1
"train4547.png",1
"train24582.png",1
"train8633.png",1
"train20749.png",1
"train23199.png",1
"train26144.png",1
"train8679.png",1
"train508.png",1
"train2257.png",1
"train23110.png",1
"train5031.png",1
"train10526.png",1
"train26718.png",1
"train11709.png",1
"train8339.png",1
"train19639.png",1
"train4720.png",1
"train25105.png",1
"train727.png",1
"train24633.png",1
"train24957.png",1
"train20732.png",1
"train19659.png",1
"train9935.png",1
"train7127.png",1
"train26595.png",1
"train9584.png",1
"train7785.png",1
"train6784.png",1
"train11025.png",1
"train26057.png",1
"train27951.png",1
"train26401.png",1
"train6593.png",1
"train26322.png",1
"train4642.png",1
"train1639.png",1
"train25146.png",1
"train18372.png",1
"train13192.png",1
"train4651.png",1
"train4910.png",1
"train10206.png",1
"train19903.png",1
"train26341.png",1
"train18526.png",1
"train21908.png",1
"train5451.png",1
"train7627.png",1
"train20378.png",1
"train3775.png",1
"train26275.png",1
"train4697.png",1
"train4902.png",1
"train26241.png",1
"train19541.png",1
"train8994.png",1
"train9507.png",1
"train11269.png",1
"train11053.png",1
"train3560.png",1
"train4051.png",1
"train23213.png",1
"train19433.png",1
"train3997.png",1
"train17319.png",1
"train20792.png",1
"train20575.png",1
"train26453.png",1
"train6575.png",1
"train4779.png",1
"train23232.png",1
"train10805.png",1
"train8738.png",1
"train3082.png",1
"train8043.png",1
"train22142.png",1
"train25744.png",1
"train11478.png",1
"train26970.png",1
"train19472.png",1
"train19180.png",1
"train23182.png",1
"train20637.png",1
"train19581.png",1
"train16774.png",1
"train8435.png",1
"train20460.png",1
"train11225.png",1
"train19631.png",1
"train22572.png",1
"train4760.png",1
"train19859.png",1
"train961.png",1
"train6296.png",1
"train24657.png",1
"train22823.png",1
"train8878.png",1
"train6519.png",1
"train23034.png",1
"train19615.png",1
"train19322.png",1
"train25622.png",1
"train26625.png",1
"train7615.png",1
"train26799.png",1
"train23196.png",1
"train19682.png",1
"train18455.png",1
"train19159.png",1
"train5613.png",1
"train22610.png",1
"train3676.png",1
"train19344.png",1
"train7599.png",1
"train12964.png",1
"train26489.png",1
"train5264.png",1
"train19637.png",1
"train7640.png",1
"train23015.png",1
"train26647.png",1
"train17994.png",1
"train6453.png",1
"train25769.png",1
"train20188.png",1
"train7642.png",1
"train11416.png",1
"train25303.png",1
"train18530.png",1
"train20868.png",1
"train4833.png",1
"train19019.png",1
"train26754.png",1
"train23201.png",1
"train26494.png",1
"train23275.png",1
"train8407.png",1
"train3288.png",1
"train27315.png",1
"train9238.png",1
"train18639.png",1
"train25589.png",1
"train11023.png",1
"train4372.png",1
"train4894.png",1
"train5500.png",1
"train4915.png",1
"train20414.png",1
"train23626.png",1
"train19400.png",1
"train12020.png",1
"train25908.png",1
"train26314.png",1
"train9442.png",1
"train17418.png",1
